age_buckets;pc_population;pc_meps
0-30;32.970457206864594;1.702127659574468
31-50;27.253458809680996;41.843971631205676
51-70;26.542307488578626;51.63120567375886
71-100;13.233776494875778;4.822695035460993
