group,men_percentage_current,men_percentage_former,change
The Left,48.64864864864865,48.64864864864865,0.0
Verts/ALE,52.112676056338024,52.112676056338024,0.0
S&D,57.55395683453237,57.55395683453237,0.0
Renew,57.84313725490197,57.84313725490197,0.0
ID,61.224489795918366,61.224489795918366,0.0
PPE,62.5,62.5,0.0
NI,66.12903225806451,66.12903225806451,0.0
ECR,72.46376811594203,72.46376811594203,0.0
