gender,current_count,current_pc,former_count,former_pc,change_count,change_pc
MALE,425,0.6028368794326241,425,0.6028368794326241,0,0.0
FEMALE,280,0.3971631205673759,280,0.3971631205673759,0,0.0
