group,returned_meps,current_meps,current_return_ratio,former_return_ratio
ESN,4,25,0.16,nan
NI,7,32,0.21875,0.11290322580645161
The Left,14,46,0.30434782608695654,0.3783783783783784
ECR,28,78,0.358974358974359,0.4057971014492754
PfE,34,84,0.40476190476190477,nan
Renew,39,77,0.5064935064935064,0.38235294117647056
S&D,71,136,0.5220588235294118,0.5107913669064749
PPE,101,188,0.5372340425531915,0.5738636363636364
Verts/ALE,31,53,0.5849056603773585,0.43661971830985913
