age_buckets,count,pc_meps
0-30,12,0.01702127659574468
31-50,295,0.41843971631205673
51-70,364,0.5163120567375886
71-100,34,0.04822695035460993
