count,percentage
229400684,0.5111949408395347
219353139,0.48880505916046535
448753823,1.0
