age_buckets;count;pc_population
0-30;146653471;0.32970457206864595
31-50;121224110;0.27253458809680997
51-70;118060890;0.26542307488578626
71-100;58864190;0.1323377649487578
