gender,count,percentage
MALE,425,0.6028368794326241
FEMALE,280,0.3971631205673759
